comparison,status,event_definition,metric,legacy_value,corrected_value,delta_corrected_minus_legacy,model,horizon,factor,term
event_study_caar,compared,attention_ratio,n_events_raw,1050.0,1058.0,8.0,,,,
event_study_caar,compared,attention_ratio,n_events_after_nonoverlap_filter,500.0,498.0,-2.0,,,,
event_study_caar,compared,attention_ratio,CAR_mean_at_final_window,0.1148052863436123,0.0535997587617584,-0.0612055275818539,,,,
event_study_caar,compared,attention_ratio,t_stat,8.23146724862304,3.3458433482869125,-4.885623900336128,,,,
event_study_caar,compared,attention_ratio,p_value,1.9893309584406304e-15,0.0009953936010933,0.0009953936010913106,,,,
event_study_caar,compared,attention_ratio,n_events_used_in_test,454.0,491.0,37.0,,,,
event_study_caar,compared,attention_top_decile,n_events_raw,1100.0,1173.0,73.0,,,,
event_study_caar,compared,attention_top_decile,n_events_after_nonoverlap_filter,556.0,664.0,108.0,,,,
event_study_caar,compared,attention_top_decile,CAR_mean_at_final_window,0.1025522,0.027274128838433,-0.075278071161567,,,,
event_study_caar,compared,attention_top_decile,t_stat,8.214774937372304,2.34700285330146,-5.867772084070845,,,,
event_study_caar,compared,attention_top_decile,p_value,1.838778682314245e-15,0.0197973662615824,0.01979736626158056,,,,
event_study_caar,compared,attention_top_decile,n_events_used_in_test,500.0,647.0,147.0,,,,
event_study_caar,compared,attention_z2,n_events_raw,695.0,690.0,-5.0,,,,
event_study_caar,compared,attention_z2,n_events_after_nonoverlap_filter,377.0,388.0,11.0,,,,
event_study_caar,compared,attention_z2,CAR_mean_at_final_window,0.1420834319526627,0.0452346771046105,-0.09684875484805221,,,,
event_study_caar,compared,attention_z2,t_stat,8.461286492811865,2.2843756077328563,-6.176910885079009,,,,
event_study_caar,compared,attention_z2,p_value,8.188959129209166e-16,0.0237811631663658,0.023781163166364982,,,,
event_study_caar,compared,attention_z2,n_events_used_in_test,338.0,385.0,47.0,,,,
fama_macbeth_momentum_control,compared,,coefficient,0.0039164682965139,0.0015768242230607,-0.0023396440734531994,Model1_attention_only,future_1w_excess_return,,
fama_macbeth_momentum_control,compared,,t_stat,5.45727489828752,1.9129064190678784,-3.5443684792196413,Model1_attention_only,future_1w_excess_return,,
fama_macbeth_momentum_control,compared,,p_value,1.2248869096787018e-07,0.0569703596693793,0.05697023718068833,Model1_attention_only,future_1w_excess_return,,
fama_macbeth_momentum_control,compared,,n_weeks,236.0,237.0,1.0,Model1_attention_only,future_1w_excess_return,,
fama_macbeth_momentum_control,compared,,coefficient,0.0059148567692279,0.0031513076061062,-0.0027635491631217,Model1_attention_only,future_2w_excess_return,,
fama_macbeth_momentum_control,compared,,t_stat,5.6857071259588645,2.0450563519455613,-3.640650774013303,Model1_attention_only,future_2w_excess_return,,
fama_macbeth_momentum_control,compared,,p_value,3.863527053837856e-08,0.0419587126650404,0.04195867402976986,Model1_attention_only,future_2w_excess_return,,
fama_macbeth_momentum_control,compared,,n_weeks,235.0,237.0,2.0,Model1_attention_only,future_2w_excess_return,,
fama_macbeth_momentum_control,compared,,coefficient,0.0105663881533295,0.0067124724966233,-0.0038539156567061993,Model1_attention_only,future_4w_excess_return,,
fama_macbeth_momentum_control,compared,,t_stat,6.069505172407015,2.4339747009550754,-3.63553047145194,Model1_attention_only,future_4w_excess_return,,
fama_macbeth_momentum_control,compared,,p_value,5.186183038574654e-09,0.0156770531514778,0.01567704796529476,Model1_attention_only,future_4w_excess_return,,
fama_macbeth_momentum_control,compared,,n_weeks,233.0,237.0,4.0,Model1_attention_only,future_4w_excess_return,,
fama_macbeth_momentum_control,compared,,coefficient,0.002501985125545,0.0004371691903484,-0.0020648159351966,Model2_plus_momentum,future_1w_excess_return,,
fama_macbeth_momentum_control,compared,,t_stat,4.0075816150686965,0.7042322396021,-3.3033493754665963,Model2_plus_momentum,future_1w_excess_return,,
fama_macbeth_momentum_control,compared,,p_value,8.23813395411932e-05,0.4819824693590635,0.48190008801952233,Model2_plus_momentum,future_1w_excess_return,,
fama_macbeth_momentum_control,compared,,n_weeks,236.0,237.0,1.0,Model2_plus_momentum,future_1w_excess_return,,
fama_macbeth_momentum_control,compared,,coefficient,0.0032059989095004,0.0004482684603552,-0.0027577304491452,Model2_plus_momentum,future_2w_excess_return,,
fama_macbeth_momentum_control,compared,,t_stat,3.820243395995366,0.4183010944906333,-3.4019423015047328,Model2_plus_momentum,future_2w_excess_return,,
fama_macbeth_momentum_control,compared,,p_value,0.0001708587518054,0.676107374660305,0.6759365159084996,Model2_plus_momentum,future_2w_excess_return,,
fama_macbeth_momentum_control,compared,,n_weeks,235.0,237.0,2.0,Model2_plus_momentum,future_2w_excess_return,,
fama_macbeth_momentum_control,compared,,coefficient,0.0048765765844719,0.0014621804114498,-0.0034143961730221002,Model2_plus_momentum,future_4w_excess_return,,
fama_macbeth_momentum_control,compared,,t_stat,3.656336111696426,0.7900638651678795,-2.8662722465285464,Model2_plus_momentum,future_4w_excess_return,,
fama_macbeth_momentum_control,compared,,p_value,0.0003165312035258,0.4302835979711457,0.42996706676761987,Model2_plus_momentum,future_4w_excess_return,,
fama_macbeth_momentum_control,compared,,n_weeks,233.0,237.0,4.0,Model2_plus_momentum,future_4w_excess_return,,
fama_macbeth_momentum_control,compared,,coefficient,0.0026936056286495,9.67995547598984e-05,-0.0025968060738896016,Model3_plus_volume_vol,future_1w_excess_return,,
fama_macbeth_momentum_control,compared,,t_stat,4.489549999535339,0.1474936352958987,-4.342056364239441,Model3_plus_volume_vol,future_1w_excess_return,,
fama_macbeth_momentum_control,compared,,p_value,1.1186479744074164e-05,0.882868333072627,0.882857146592883,Model3_plus_volume_vol,future_1w_excess_return,,
fama_macbeth_momentum_control,compared,,n_weeks,236.0,237.0,1.0,Model3_plus_volume_vol,future_1w_excess_return,,
fama_macbeth_momentum_control,compared,,coefficient,0.0031418967427716,-0.0003271468958549,-0.0034690436386264996,Model3_plus_volume_vol,future_2w_excess_return,,
fama_macbeth_momentum_control,compared,,t_stat,3.994754723695919,-0.3019861130735263,-4.2967408367694455,Model3_plus_volume_vol,future_2w_excess_return,,
fama_macbeth_momentum_control,compared,,p_value,8.677265085665908e-05,0.7629286033727474,0.7628418307218907,Model3_plus_volume_vol,future_2w_excess_return,,
fama_macbeth_momentum_control,compared,,n_weeks,235.0,237.0,2.0,Model3_plus_volume_vol,future_2w_excess_return,,
fama_macbeth_momentum_control,compared,,coefficient,0.0036317657719997,2.237747759706328e-05,-0.003609388294402637,Model3_plus_volume_vol,future_4w_excess_return,,
fama_macbeth_momentum_control,compared,,t_stat,2.8835437904678174,0.0120366603063067,-2.8715071301615107,Model3_plus_volume_vol,future_4w_excess_return,,
fama_macbeth_momentum_control,compared,,p_value,0.0043019493225511,0.9904065353813556,0.9861045860588045,Model3_plus_volume_vol,future_4w_excess_return,,
fama_macbeth_momentum_control,compared,,n_weeks,233.0,237.0,4.0,Model3_plus_volume_vol,future_4w_excess_return,,
fama_macbeth_momentum_control,compared,,coefficient,0.0008593929871406,-0.0001178038023518,-0.0009771967894924,Model4_plus_liquidity_industry_FE,future_1w_excess_return,,
fama_macbeth_momentum_control,compared,,t_stat,0.9751868458664092,-0.1208681500161293,-1.0960549958825385,Model4_plus_liquidity_industry_FE,future_1w_excess_return,,
fama_macbeth_momentum_control,compared,,p_value,0.3304703424502244,0.9038983123129084,0.5734279698626841,Model4_plus_liquidity_industry_FE,future_1w_excess_return,,
fama_macbeth_momentum_control,compared,,n_weeks,236.0,237.0,1.0,Model4_plus_liquidity_industry_FE,future_1w_excess_return,,
fama_macbeth_momentum_control,compared,,coefficient,0.0021460739294845,0.0009896590923862,-0.0011564148370982999,Model4_plus_liquidity_industry_FE,future_2w_excess_return,,
fama_macbeth_momentum_control,compared,,t_stat,1.803784274226412,0.679416185082658,-1.1243680891437542,Model4_plus_liquidity_industry_FE,future_2w_excess_return,,
fama_macbeth_momentum_control,compared,,p_value,0.0725512037838969,0.4975400158241161,0.4249888120402192,Model4_plus_liquidity_industry_FE,future_2w_excess_return,,
fama_macbeth_momentum_control,compared,,n_weeks,235.0,237.0,2.0,Model4_plus_liquidity_industry_FE,future_2w_excess_return,,
fama_macbeth_momentum_control,compared,,coefficient,0.0043852539058915,0.000962719596392,-0.0034225343094995003,Model4_plus_liquidity_industry_FE,future_4w_excess_return,,
fama_macbeth_momentum_control,compared,,t_stat,2.6569868048533314,0.3875738230568773,-2.269412981796454,Model4_plus_liquidity_industry_FE,future_4w_excess_return,,
fama_macbeth_momentum_control,compared,,p_value,0.0084318974775612,0.6986807621618478,0.6902488646842866,Model4_plus_liquidity_industry_FE,future_4w_excess_return,,
fama_macbeth_momentum_control,compared,,n_weeks,233.0,237.0,4.0,Model4_plus_liquidity_industry_FE,future_4w_excess_return,,
fama_macbeth_momentum_control,compared,,coefficient,0.004273291296175,0.0007561047759521,-0.0035171865202228998,Model5_pooled_2wayFE_cluster_by_week,future_1w_excess_return,,
fama_macbeth_momentum_control,compared,,t_stat,5.740395588793011,1.1404718288559337,-4.599923759937077,Model5_pooled_2wayFE_cluster_by_week,future_1w_excess_return,,
fama_macbeth_momentum_control,compared,,p_value,9.445564349834933e-09,0.2540897827372435,0.25408977329167914,Model5_pooled_2wayFE_cluster_by_week,future_1w_excess_return,,
fama_macbeth_momentum_control,compared,,n_weeks,236.0,237.0,1.0,Model5_pooled_2wayFE_cluster_by_week,future_1w_excess_return,,
fama_macbeth_momentum_control,compared,,coefficient,0.0050252529184218,0.0015385150958773,-0.0034867378225444997,Model5_pooled_2wayFE_cluster_by_week,future_2w_excess_return,,
fama_macbeth_momentum_control,compared,,t_stat,5.253017874429254,1.6128946858407784,-3.6401231885884755,Model5_pooled_2wayFE_cluster_by_week,future_2w_excess_return,,
fama_macbeth_momentum_control,compared,,p_value,1.4962700898932034e-07,0.1067673899349232,0.10676724030791421,Model5_pooled_2wayFE_cluster_by_week,future_2w_excess_return,,
fama_macbeth_momentum_control,compared,,n_weeks,235.0,237.0,2.0,Model5_pooled_2wayFE_cluster_by_week,future_2w_excess_return,,
fama_macbeth_momentum_control,compared,,coefficient,0.0073023171376417,0.0038547449291313,-0.0034475722085104002,Model5_pooled_2wayFE_cluster_by_week,future_4w_excess_return,,
fama_macbeth_momentum_control,compared,,t_stat,4.115536326446133,2.734755964851555,-1.380780361594578,Model5_pooled_2wayFE_cluster_by_week,future_4w_excess_return,,
fama_macbeth_momentum_control,compared,,p_value,3.862801511369256e-05,0.0062426538354107,0.006204025820297008,Model5_pooled_2wayFE_cluster_by_week,future_4w_excess_return,,
fama_macbeth_momentum_control,compared,,n_weeks,233.0,237.0,4.0,Model5_pooled_2wayFE_cluster_by_week,future_4w_excess_return,,
residual_attention_ic,compared,,IC_mean,0.0360011909195892,-0.0126273135304812,-0.0486285044500704,,future_1w_excess_return,residual_attention_z,
residual_attention_ic,compared,,ICIR,0.2354161767891215,-0.0762617832223617,-0.3116779600114832,,future_1w_excess_return,residual_attention_z,
residual_attention_ic,compared,,t_stat,3.585752375751791,-1.068912276291923,-4.654664652043714,,future_1w_excess_return,residual_attention_z,
residual_attention_ic,compared,,p_value,0.0004101001634248,0.2862012935619717,0.2857911933985469,,future_1w_excess_return,residual_attention_z,
residual_attention_ic,compared,,n_weeks,232.0,237.0,5.0,,future_1w_excess_return,residual_attention_z,
residual_attention_ic,compared,,IC_mean,0.027169804330438,-0.0118238440884452,-0.0389936484188832,,future_2w_excess_return,residual_attention_z,
residual_attention_ic,compared,,ICIR,0.1853743180620331,-0.0745477699707395,-0.2599220880327726,,future_2w_excess_return,residual_attention_z,
residual_attention_ic,compared,,t_stat,2.841734484832546,-0.9319534467529732,-3.773687931585519,,future_2w_excess_return,residual_attention_z,
residual_attention_ic,compared,,p_value,0.0048828132885468,0.3523129981943544,0.3474301849058076,,future_2w_excess_return,residual_attention_z,
residual_attention_ic,compared,,n_weeks,235.0,237.0,2.0,,future_2w_excess_return,residual_attention_z,
residual_attention_ic,compared,,IC_mean,0.0082556559059782,-0.0150827719374036,-0.023338427843381797,,future_4w_excess_return,residual_attention_z,
residual_attention_ic,compared,,ICIR,0.0572033429809014,-0.0979284131920817,-0.1551317561729831,,future_4w_excess_return,residual_attention_z,
residual_attention_ic,compared,,t_stat,0.8731711346743088,-1.0791313497469566,-1.9523024844212653,,future_4w_excess_return,residual_attention_z,
residual_attention_ic,compared,,p_value,0.383472665347698,0.2816308440992969,-0.10184182124840113,,future_4w_excess_return,residual_attention_z,
residual_attention_ic,compared,,n_weeks,233.0,237.0,4.0,,future_4w_excess_return,residual_attention_z,
institutional_flow_regression,compared,,coefficient,0.002501985125545,0.0004371691903484,-0.0020648159351966,A_attention_momentum,future_1w_excess_return,,
institutional_flow_regression,compared,,t_stat,4.0075816150686965,0.7042322396021,-3.3033493754665963,A_attention_momentum,future_1w_excess_return,,
institutional_flow_regression,compared,,p_value,8.23813395411932e-05,0.4819824693590635,0.48190008801952233,A_attention_momentum,future_1w_excess_return,,
institutional_flow_regression,compared,,n_weeks,236.0,237.0,1.0,A_attention_momentum,future_1w_excess_return,,
institutional_flow_regression,compared,,coefficient,0.0032059989095004,0.0004482684603552,-0.0027577304491452,A_attention_momentum,future_2w_excess_return,,
institutional_flow_regression,compared,,t_stat,3.820243395995366,0.4183010944906333,-3.4019423015047328,A_attention_momentum,future_2w_excess_return,,
institutional_flow_regression,compared,,p_value,0.0001708587518054,0.676107374660305,0.6759365159084996,A_attention_momentum,future_2w_excess_return,,
institutional_flow_regression,compared,,n_weeks,235.0,237.0,2.0,A_attention_momentum,future_2w_excess_return,,
institutional_flow_regression,compared,,coefficient,0.0048765765844719,0.0014621804114498,-0.0034143961730221002,A_attention_momentum,future_4w_excess_return,,
institutional_flow_regression,compared,,t_stat,3.656336111696426,0.7900638651678795,-2.8662722465285464,A_attention_momentum,future_4w_excess_return,,
institutional_flow_regression,compared,,p_value,0.0003165312035258,0.4302835979711457,0.42996706676761987,A_attention_momentum,future_4w_excess_return,,
institutional_flow_regression,compared,,n_weeks,233.0,237.0,4.0,A_attention_momentum,future_4w_excess_return,,
institutional_flow_regression,compared,,coefficient,0.0024716846488144,0.0004527587947112,-0.0020189258541032,B_plus_total_inst_flow,future_1w_excess_return,,
institutional_flow_regression,compared,,t_stat,3.92206482709294,0.7280597117871297,-3.1940051153058104,B_plus_total_inst_flow,future_1w_excess_return,,
institutional_flow_regression,compared,,p_value,0.0001152669639168,0.4672987783969025,0.4671835114329857,B_plus_total_inst_flow,future_1w_excess_return,,
institutional_flow_regression,compared,,n_weeks,236.0,237.0,1.0,B_plus_total_inst_flow,future_1w_excess_return,,
institutional_flow_regression,compared,,coefficient,0.0030047081922207,0.0004234267877244,-0.0025812814044962997,B_plus_total_inst_flow,future_2w_excess_return,,
institutional_flow_regression,compared,,t_stat,3.497727859544669,0.3970700077165858,-3.100657851828083,B_plus_total_inst_flow,future_2w_excess_return,,
institutional_flow_regression,compared,,p_value,0.0005614395387942,0.6916746908575404,0.6911132513187462,B_plus_total_inst_flow,future_2w_excess_return,,
institutional_flow_regression,compared,,n_weeks,235.0,237.0,2.0,B_plus_total_inst_flow,future_2w_excess_return,,
institutional_flow_regression,compared,,coefficient,0.004578605749905,0.0015650631576639,-0.0030135425922411005,B_plus_total_inst_flow,future_4w_excess_return,,
institutional_flow_regression,compared,,t_stat,3.379108986387528,0.8577551624752188,-2.5213538239123094,B_plus_total_inst_flow,future_4w_excess_return,,
institutional_flow_regression,compared,,p_value,0.0008529228216425,0.3918979188647085,0.391044996043066,B_plus_total_inst_flow,future_4w_excess_return,,
institutional_flow_regression,compared,,n_weeks,233.0,237.0,4.0,B_plus_total_inst_flow,future_4w_excess_return,,
institutional_flow_regression,compared,,coefficient,0.00268987165097,0.0003415385463598,-0.0023483331046102,C_plus_foreign_trust_dealer,future_1w_excess_return,,
institutional_flow_regression,compared,,t_stat,4.250433370185544,0.5322826477685519,-3.7181507224169916,C_plus_foreign_trust_dealer,future_1w_excess_return,,
institutional_flow_regression,compared,,p_value,3.078645294718463e-05,0.5950310081700607,0.5950002217171135,C_plus_foreign_trust_dealer,future_1w_excess_return,,
institutional_flow_regression,compared,,n_weeks,236.0,237.0,1.0,C_plus_foreign_trust_dealer,future_1w_excess_return,,
institutional_flow_regression,compared,,coefficient,0.0031822127067228,0.0003918873877687,-0.0027903253189541,C_plus_foreign_trust_dealer,future_2w_excess_return,,
institutional_flow_regression,compared,,t_stat,3.681918648938694,0.3533314469832579,-3.328587201955436,C_plus_foreign_trust_dealer,future_2w_excess_return,,
institutional_flow_regression,compared,,p_value,0.0002874618231996,0.7241553843128803,0.7238679224896807,C_plus_foreign_trust_dealer,future_2w_excess_return,,
institutional_flow_regression,compared,,n_weeks,235.0,237.0,2.0,C_plus_foreign_trust_dealer,future_2w_excess_return,,
institutional_flow_regression,compared,,coefficient,0.0049997478005594,0.0014954367054831,-0.0035043110950762997,C_plus_foreign_trust_dealer,future_4w_excess_return,,
institutional_flow_regression,compared,,t_stat,3.667141211631188,0.8187444442888746,-2.8483967673423134,C_plus_foreign_trust_dealer,future_4w_excess_return,,
institutional_flow_regression,compared,,p_value,0.0003041611555565,0.413758202501242,0.41345404134568553,C_plus_foreign_trust_dealer,future_4w_excess_return,,
institutional_flow_regression,compared,,n_weeks,233.0,237.0,4.0,C_plus_foreign_trust_dealer,future_4w_excess_return,,
institutional_flow_regression,compared,,coefficient,0.0026759932278008,9.327959302597683e-05,-0.0025827136347748234,D_plus_volume_volatility,future_1w_excess_return,,
institutional_flow_regression,compared,,t_stat,4.445976438708208,0.1425122716193059,-4.303464167088903,D_plus_volume_volatility,future_1w_excess_return,,
institutional_flow_regression,compared,,p_value,1.3495272390029456e-05,0.8867969796817095,0.8867834844093194,D_plus_volume_volatility,future_1w_excess_return,,
institutional_flow_regression,compared,,n_weeks,236.0,237.0,1.0,D_plus_volume_volatility,future_1w_excess_return,,
institutional_flow_regression,compared,,coefficient,0.0030399120737817,-0.0002947390498844,-0.0033346511236661,D_plus_volume_volatility,future_2w_excess_return,,
institutional_flow_regression,compared,,t_stat,3.784329451897281,-0.2729063682355131,-4.057235820132794,D_plus_volume_volatility,future_2w_excess_return,,
institutional_flow_regression,compared,,p_value,0.0001958498830274,0.7851638414396009,0.7849679915565735,D_plus_volume_volatility,future_2w_excess_return,,
institutional_flow_regression,compared,,n_weeks,235.0,237.0,2.0,D_plus_volume_volatility,future_2w_excess_return,,
institutional_flow_regression,compared,,coefficient,0.0034287757454584,0.0002400103309253,-0.0031887654145331,D_plus_volume_volatility,future_4w_excess_return,,
institutional_flow_regression,compared,,t_stat,2.69511788189184,0.1304200667294036,-2.5646978151624364,D_plus_volume_volatility,future_4w_excess_return,,
institutional_flow_regression,compared,,p_value,0.0075513051559463,0.8963451901626096,0.8887938850066633,D_plus_volume_volatility,future_4w_excess_return,,
institutional_flow_regression,compared,,n_weeks,233.0,237.0,4.0,D_plus_volume_volatility,future_4w_excess_return,,
institutional_flow_interactions,compared,,coefficient,0.0027416060395789,0.0007315698249825,-0.0020100362145964,,future_1w_excess_return,,attention_z
institutional_flow_interactions,compared,,t_stat,3.315708309479589,0.948346787494012,-2.367361521985577,,future_1w_excess_return,,attention_z
institutional_flow_interactions,compared,,p_value,0.0010588295267475,0.3439230143638885,0.342864184837141,,future_1w_excess_return,,attention_z
institutional_flow_interactions,compared,,n_weeks,236.0,237.0,1.0,,future_1w_excess_return,,attention_z
institutional_flow_interactions,compared,,coefficient,0.0054333547657448,0.0065010087999982,0.0010676540342534,,future_1w_excess_return,,attention_z_x_past_4w_return
institutional_flow_interactions,compared,,t_stat,0.4953618378682728,0.5820475309222901,0.0866856930540173,,future_1w_excess_return,,attention_z_x_past_4w_return
institutional_flow_interactions,compared,,p_value,0.6208076069600121,0.5610902644447551,-0.059717342515257066,,future_1w_excess_return,,attention_z_x_past_4w_return
institutional_flow_interactions,compared,,n_weeks,236.0,237.0,1.0,,future_1w_excess_return,,attention_z_x_past_4w_return
institutional_flow_interactions,compared,,coefficient,0.0034102090468291,-0.0026923239612578,-0.0061025330080868995,,future_1w_excess_return,,attention_z_x_total_inst_net_buy_ratio_4w
institutional_flow_interactions,compared,,t_stat,0.5474212988719596,-0.510485939301061,-1.0579072381730206,,future_1w_excess_return,,attention_z_x_total_inst_net_buy_ratio_4w
institutional_flow_interactions,compared,,p_value,0.5846088365334814,0.6101882091222186,0.025579372588737215,,future_1w_excess_return,,attention_z_x_total_inst_net_buy_ratio_4w
institutional_flow_interactions,compared,,n_weeks,236.0,237.0,1.0,,future_1w_excess_return,,attention_z_x_total_inst_net_buy_ratio_4w
institutional_flow_interactions,compared,,coefficient,-0.0024316411621221,-0.0056035429622672,-0.0031719018001451003,,future_1w_excess_return,,total_inst_net_buy_ratio_4w
institutional_flow_interactions,compared,,t_stat,-0.5083620781121295,-1.0726109071306826,-0.5642488290185531,,future_1w_excess_return,,total_inst_net_buy_ratio_4w
institutional_flow_interactions,compared,,p_value,0.6116763211165392,0.2845413032899899,-0.32713501782654936,,future_1w_excess_return,,total_inst_net_buy_ratio_4w
institutional_flow_interactions,compared,,n_weeks,236.0,237.0,1.0,,future_1w_excess_return,,total_inst_net_buy_ratio_4w
institutional_flow_interactions,compared,,coefficient,0.0025406723491418,0.0008653576316889,-0.0016753147174529,,future_2w_excess_return,,attention_z
institutional_flow_interactions,compared,,t_stat,2.400299616252901,0.6450030467712148,-1.7552965694816862,,future_2w_excess_return,,attention_z
institutional_flow_interactions,compared,,p_value,0.017163967967843,0.5195517277320132,0.5023877597641702,,future_2w_excess_return,,attention_z
institutional_flow_interactions,compared,,n_weeks,235.0,237.0,2.0,,future_2w_excess_return,,attention_z
institutional_flow_interactions,compared,,coefficient,0.0013142298469454,0.0216446078377324,0.020330377990787,,future_2w_excess_return,,attention_z_x_past_4w_return
institutional_flow_interactions,compared,,t_stat,0.0913594353948613,1.0185183126988355,0.9271588773039743,,future_2w_excess_return,,attention_z_x_past_4w_return
institutional_flow_interactions,compared,,p_value,0.9272851520259076,0.3094746889082833,-0.6178104631176242,,future_2w_excess_return,,attention_z_x_past_4w_return
institutional_flow_interactions,compared,,n_weeks,235.0,237.0,2.0,,future_2w_excess_return,,attention_z_x_past_4w_return
institutional_flow_interactions,compared,,coefficient,0.008135456144644,0.0001974919395793,-0.007937964205064698,,future_2w_excess_return,,attention_z_x_total_inst_net_buy_ratio_4w
institutional_flow_interactions,compared,,t_stat,0.9238414567593374,0.0229431377023044,-0.900898319057033,,future_2w_excess_return,,attention_z_x_total_inst_net_buy_ratio_4w
institutional_flow_interactions,compared,,p_value,0.3565205232038768,0.9817150172235324,0.6251944940196557,,future_2w_excess_return,,attention_z_x_total_inst_net_buy_ratio_4w
institutional_flow_interactions,compared,,n_weeks,235.0,237.0,2.0,,future_2w_excess_return,,attention_z_x_total_inst_net_buy_ratio_4w
institutional_flow_interactions,compared,,coefficient,-0.0082578423483584,-0.0092526415848928,-0.000994799236534399,,future_2w_excess_return,,total_inst_net_buy_ratio_4w
institutional_flow_interactions,compared,,t_stat,-1.1832818016778082,-0.9793363198030276,0.20394548187478057,,future_2w_excess_return,,total_inst_net_buy_ratio_4w
institutional_flow_interactions,compared,,p_value,0.2378982319195006,0.328416681518612,0.09051844959911137,,future_2w_excess_return,,total_inst_net_buy_ratio_4w
institutional_flow_interactions,compared,,n_weeks,235.0,237.0,2.0,,future_2w_excess_return,,total_inst_net_buy_ratio_4w
institutional_flow_interactions,compared,,coefficient,0.004015677789233,0.0021689105881395,-0.0018467672010935,,future_4w_excess_return,,attention_z
institutional_flow_interactions,compared,,t_stat,2.564958364160886,0.9444136097383996,-1.6205447544224865,,future_4w_excess_return,,attention_z
institutional_flow_interactions,compared,,p_value,0.0109493380233678,0.3459241861025082,0.3349748480791404,,future_4w_excess_return,,attention_z
institutional_flow_interactions,compared,,n_weeks,233.0,237.0,4.0,,future_4w_excess_return,,attention_z
institutional_flow_interactions,compared,,coefficient,0.0122807783515924,0.017485733485145,0.0052049551335526,,future_4w_excess_return,,attention_z_x_past_4w_return
institutional_flow_interactions,compared,,t_stat,0.6081257216539548,0.6118949608308057,0.0037692391768509026,,future_4w_excess_return,,attention_z_x_past_4w_return
institutional_flow_interactions,compared,,p_value,0.5436989613789254,0.5411962906267382,-0.0025026707521871305,,future_4w_excess_return,,attention_z_x_past_4w_return
institutional_flow_interactions,compared,,n_weeks,233.0,237.0,4.0,,future_4w_excess_return,,attention_z_x_past_4w_return
institutional_flow_interactions,compared,,coefficient,0.0113664343538579,2.5382142308754748e-05,-0.011341052211549145,,future_4w_excess_return,,attention_z_x_total_inst_net_buy_ratio_4w
institutional_flow_interactions,compared,,t_stat,0.9395512529600598,0.0018032629832586,-0.9377479899768012,,future_4w_excess_return,,attention_z_x_total_inst_net_buy_ratio_4w
institutional_flow_interactions,compared,,p_value,0.3484249610913872,0.998562728425262,0.6501377673338747,,future_4w_excess_return,,attention_z_x_total_inst_net_buy_ratio_4w
institutional_flow_interactions,compared,,n_weeks,233.0,237.0,4.0,,future_4w_excess_return,,attention_z_x_total_inst_net_buy_ratio_4w
institutional_flow_interactions,compared,,coefficient,-0.0161581038677876,-0.0176549499667328,-0.0014968460989452023,,future_4w_excess_return,,total_inst_net_buy_ratio_4w
institutional_flow_interactions,compared,,t_stat,-1.554617984447033,-1.127163980193033,0.4274540042539998,,future_4w_excess_return,,total_inst_net_buy_ratio_4w
institutional_flow_interactions,compared,,p_value,0.121400145841015,0.2608178811330317,0.13941773529201673,,future_4w_excess_return,,total_inst_net_buy_ratio_4w
institutional_flow_interactions,compared,,n_weeks,233.0,237.0,4.0,,future_4w_excess_return,,total_inst_net_buy_ratio_4w
