model,horizon,coefficient,std_dev,t_stat,p_value,n_weeks,avg_r2,significant,momentum_control
baseline_no_momentum_control,future_1w_excess_return,0.0015768242230607102,0.011196269836834461,1.9129064190678786,0.056970359669379356,237,0.043583011149190706,False,none
attention_plus_1_month_return,future_1w_excess_return,0.0009051666043871587,0.010381524341417345,1.2170928282262394,0.22478456659101775,237,0.11071168860710427,False,1_month_return
attention_plus_3_month_momentum,future_1w_excess_return,0.00046768264484993503,0.010194219725804568,0.6757680509987971,0.49984956084699905,237,0.11973486309454481,False,3_month_momentum
attention_plus_6_month_momentum,future_1w_excess_return,0.001063528543291818,0.009798490354724135,1.5860712122693938,0.11406211098266916,237,0.12854056591094787,False,6_month_momentum
attention_plus_12_1_month_momentum,future_1w_excess_return,0.0010532431981792436,0.01002013761419487,1.4284430022339845,0.1544864899665208,237,0.1280654824746318,False,12_1_month_momentum
attention_plus_short_term_reversal_1w,future_1w_excess_return,0.001581016151107848,0.010560452219961103,2.083005748721336,0.03832761507186988,237,0.10657170953351608,True,short_term_reversal_1w
baseline_no_momentum_control,future_2w_excess_return,0.0031513076061062215,0.016915831942576162,2.0450563519455613,0.041958712665040476,237,0.04368010928627632,True,none
attention_plus_1_month_return,future_2w_excess_return,0.0016758412950691676,0.01517611828816745,1.2718141009980681,0.20469102741254974,237,0.10476551152309518,False,1_month_return
attention_plus_3_month_momentum,future_2w_excess_return,0.0007786324450274557,0.013636512855655578,0.6939391505738997,0.4884028518907164,237,0.11306819957903562,False,3_month_momentum
attention_plus_6_month_momentum,future_2w_excess_return,0.0014957085658035057,0.013676719236326676,1.2950928972476698,0.19655368314765065,237,0.11996126074445701,False,6_month_momentum
attention_plus_12_1_month_momentum,future_2w_excess_return,0.0018520022834483043,0.014806568606975067,1.3869517140630867,0.16676503445958657,237,0.12162858919794145,False,12_1_month_momentum
attention_plus_short_term_reversal_1w,future_2w_excess_return,0.0024699276827016415,0.015906215596603233,1.7514088348574994,0.08117457786893945,237,0.10368565418093076,False,short_term_reversal_1w
baseline_no_momentum_control,future_4w_excess_return,0.006712472496623345,0.024796601224167086,2.4339747009550754,0.015677053151477827,237,0.04233888691887016,True,none
attention_plus_1_month_return,future_4w_excess_return,0.0036313734555057284,0.021846536735550728,1.6162868648620778,0.1073682426328273,237,0.1152283233080496,False,1_month_return
attention_plus_3_month_momentum,future_4w_excess_return,0.002610225121143471,0.020500431336853257,1.2773386470235686,0.2027379004785732,237,0.11211548338960381,False,3_month_momentum
attention_plus_6_month_momentum,future_4w_excess_return,0.0035411476166436256,0.02055529887214056,1.7423217851266664,0.08275484483768092,237,0.1081163432326908,False,6_month_momentum
attention_plus_12_1_month_momentum,future_4w_excess_return,0.004563082972595554,0.02223872685416195,1.9032810078469706,0.05822067979512413,237,0.11975010989985058,False,12_1_month_momentum
attention_plus_short_term_reversal_1w,future_4w_excess_return,0.0056365057262093175,0.02309727166831134,2.2820282469845434,0.023378685060519322,237,0.10085386485431126,True,short_term_reversal_1w
