window_end_week,coef,t_stat
2023-01-01,-0.0010969461223933876,-0.34264792606452976
2023-01-08,-0.0011734509401853407,-0.3646837392085468
2023-01-15,-0.000975041435484019,-0.3039460455694183
2023-01-22,-0.000450143831968926,-0.1409896994036871
2023-01-29,-0.00018669191885977934,-0.058289195662003024
2023-02-05,0.00015887475008124596,0.04929076218351474
2023-02-12,0.00020700127174471517,0.06408318487881937
2023-02-19,0.00011115394343358723,0.034707683474701045
2023-02-26,-0.000634618134106948,-0.21332454923891847
2023-03-05,-0.0014679505187925855,-0.5455326184689685
2023-03-12,-0.001035068917207196,-0.38140419030372524
2023-03-19,-0.0011512583396231801,-0.4239365371372509
2023-03-26,-0.0014843962220042937,-0.5443252082336505
2023-04-02,-0.0009927969422845262,-0.3543704614160287
2023-04-09,-0.0003477227711178863,-0.12203587463571901
2023-04-16,-7.44471229398169e-05,-0.02600447012420218
2023-04-23,0.0007563307400787205,0.2600839029783143
2023-04-30,0.001777251398993548,0.5907781292638837
2023-05-07,0.0029812850171556434,0.8824405429767622
2023-05-14,0.003813612408443595,1.055833745115874
2023-05-21,0.00463015922456697,1.1567476921059292
2023-05-28,0.004673884865941997,1.1296905752451278
2023-06-04,0.005080041284264443,1.165184902537643
2023-06-11,0.0065388833200709364,1.4449089785862481
2023-06-18,0.008688820636386698,1.718732322977782
2023-06-25,0.010220503474047996,1.9148501802940674
2023-07-02,0.011512668982597583,2.0082890859029945
2023-07-09,0.01280572182455362,2.1367736938669797
2023-07-16,0.01246778193779671,2.1065689245487955
2023-07-23,0.011917362630290123,2.017705255416155
2023-07-30,0.011564565476385208,1.9515482659555135
2023-08-06,0.011038225324651917,1.8465757446699984
2023-08-13,0.01114250089723606,1.8687620388312862
2023-08-20,0.010536861073699196,1.73200938963024
2023-08-27,0.010462410567489968,1.7037165863423203
2023-09-03,0.010293663309498022,1.6693289699657488
2023-09-10,0.010251574354089774,1.6651157892806367
2023-09-17,0.010649751205642573,1.7686462573904012
2023-09-24,0.011811775381147964,2.048359545734279
2023-10-01,0.01212071186777839,2.1174088415199983
2023-10-08,0.0122856926889847,2.146699110496667
2023-10-15,0.01203420610212806,2.0946126608235014
2023-10-22,0.011539433877956489,1.9941084334819434
2023-10-29,0.01155965593057831,1.9916550336424865
2023-11-05,0.011192809540779173,1.9164499890193447
2023-11-12,0.011028734616407361,1.8843747582194856
2023-11-19,0.011171492061601805,1.9201518076864854
2023-11-26,0.011017249640601096,1.891608700018381
2023-12-03,0.011674009501060472,2.031808651501053
2023-12-10,0.010969681815155084,1.8674340570516728
2023-12-17,0.011094832660975412,1.8917985003706759
2023-12-24,0.011276238466267019,1.9264240218773427
2023-12-31,0.011506059727722638,1.9694153635824256
2024-01-07,0.010957442139061743,1.8646218416236653
2024-01-14,0.011495113693650928,1.9640233248777488
2024-01-21,0.011257868440916355,1.921223298129259
2024-01-28,0.011345208074670694,1.9371780467569477
2024-02-04,0.011026794712623977,1.8797268749437923
2024-02-11,0.01072898622183288,1.8190523448227396
2024-02-18,0.01064212701134386,1.7973247622925193
2024-02-25,0.010720387350132567,1.8012188179920519
2024-03-03,0.010658769647778905,1.777042775546395
2024-03-10,0.009589154610435805,1.5953955973683587
2024-03-17,0.009454475718122317,1.5673518712671832
2024-03-24,0.009442313822671303,1.5611081424781517
2024-03-31,0.008667131377009253,1.4233229149837714
2024-04-07,0.007649188288398934,1.23582729629857
2024-04-14,0.006652561647435292,1.0397881445656103
2024-04-21,0.005695349911516874,0.8815675008749063
2024-04-28,0.004988456569861594,0.7815691391577042
2024-05-05,0.00359299757709821,0.578042291765212
2024-05-12,0.0033037641834802694,0.5431149451258698
2024-05-19,0.0025824619334105076,0.4424670612579677
2024-05-26,0.002259392041602058,0.3950051338518521
2024-06-02,0.001647848958712045,0.30276872968860175
2024-06-09,0.0006013744356738564,0.12242464922916062
2024-06-16,-0.0011546605415568554,-0.2997278214108778
2024-06-23,-0.002355574386559547,-0.7320162534013495
2024-06-30,-0.003966180999394267,-1.5382495489615802
2024-07-07,-0.004923973189811821,-2.0879731052521966
2024-07-14,-0.004770144966763077,-2.023754670241711
2024-07-21,-0.004289656977543814,-1.7925940621832581
2024-07-28,-0.004676930011513775,-1.9701285668855504
2024-08-04,-0.004565855581105888,-1.9217254093367466
2024-08-11,-0.004610263024380329,-1.940144140317928
2024-08-18,-0.003659209629815722,-1.6067948909839338
2024-08-25,-0.003544206519010997,-1.553788778169966
2024-09-01,-0.0035931043388574674,-1.581053932071551
2024-09-08,-0.0032961960255843002,-1.4250360196922327
2024-09-15,-0.0030614883457649555,-1.2917106801957678
2024-09-22,-0.003159569134440941,-1.3261268380347457
2024-09-29,-0.0030752426245439736,-1.2822690812855813
2024-10-06,-0.00333186356546051,-1.3951974872312498
2024-10-13,-0.003102925282123114,-1.2950479684277063
2024-10-20,-0.0030045294068177025,-1.2549349823762819
2024-10-27,-0.0027221845800794358,-1.1311812763344973
2024-11-03,-0.0027059355094980683,-1.1213622785029245
2024-11-10,-0.002117899149778153,-0.8605635011732268
2024-11-17,-0.0020861512707710406,-0.8456067974980261
2024-11-24,-0.0018718880260012295,-0.766226137767677
2024-12-01,-0.0021798334262952304,-0.8914710972041403
2024-12-08,-0.0014855476930694033,-0.6048882016456949
2024-12-15,-0.0019754880534582527,-0.8106340450729236
2024-12-22,-0.0023499523656016793,-0.9697577261674891
2024-12-29,-0.0026767984625321573,-1.110465311662901
2025-01-05,-0.001942972193366324,-0.7861042386181871
2025-01-12,-0.0025989545637081007,-1.106892288910195
2025-01-19,-0.0026794696789696764,-1.1434048570310325
2025-01-26,-0.003372394617412932,-1.419824719684325
2025-02-02,-0.0035839652916691317,-1.4767839341474462
2025-02-09,-0.003850784782318738,-1.5132323641744256
2025-02-16,-0.0040912192602953834,-1.562730349334824
2025-02-23,-0.004041700069870702,-1.5485260253562514
2025-03-02,-0.004011023964288129,-1.5371268861242147
2025-03-09,-0.003927048104141552,-1.5056398767314672
2025-03-16,-0.003920137451425999,-1.5009384595938629
2025-03-23,-0.003914574385724781,-1.481743397839431
2025-03-30,-0.00367206319716036,-1.4614389884170966
2025-04-06,-0.0038571218564844093,-1.615208492404866
2025-04-13,-0.0032248725689836017,-1.4929224182009462
2025-04-20,-0.003163332313119196,-1.4328664911272746
2025-04-27,-0.003133912018272791,-1.4177398376614696
2025-05-04,-0.0021579152853462287,-0.938002729788002
2025-05-11,-0.0018282696541742935,-0.7546073206580268
2025-05-18,-0.002214438986055989,-0.9412101338352702
2025-05-25,-0.0017084941614715814,-0.6623911359966057
2025-06-01,-0.0020196045451811545,-0.7965939576869426
2025-06-08,-0.001848255674713683,-0.7212734228910016
2025-06-15,-0.0017234333909670037,-0.666411412152683
2025-06-22,-0.0020389521257974763,-0.7896148232175773
2025-06-29,-0.0024706342495322007,-0.9010329013037188
2025-07-06,-0.0033101281556525944,-1.103795087195088
2025-07-13,-0.0022465176222326,-0.794354146663801
2025-07-20,-0.0023221388253092086,-0.8098957467229873
2025-07-27,-0.0005412233331529986,-0.15825096619550924
2025-08-03,0.0006052318850247623,0.14911571946802032
2025-08-10,0.0011227218444562824,0.2658816206520718
2025-08-17,0.0016249672954630446,0.36466686011908817
2025-08-24,0.00265062317480576,0.5598712276115352
2025-08-31,0.003073897847219653,0.6353556853418567
2025-09-07,0.004114819887538322,0.7893354834378215
2025-09-14,0.004339739843490383,0.8133528275589332
2025-09-21,0.00472200212915232,0.8712174815088555
2025-09-28,0.006310782531413868,1.0816299385925656
2025-10-05,0.007221763134715544,1.2085510333667162
2025-10-12,0.008114032711536516,1.3008849849148743
2025-10-19,0.009253757644772096,1.423389283870737
2025-10-26,0.009072307793624734,1.4042538437458778
2025-11-02,0.009139715431225671,1.4169511959542223
2025-11-09,0.008640727182073323,1.3367609002398209
2025-11-16,0.008680639451865767,1.3441834983626484
2025-11-23,0.009023503694183903,1.4026227125061652
2025-11-30,0.009540236082827412,1.4967281085716697
2025-12-07,0.010159727972709467,1.5918536009469137
2025-12-14,0.011050020262780525,1.7335630427355995
2025-12-21,0.012866209614865703,1.9454258119014918
2025-12-28,0.014496324127923784,2.0825165861116726
2026-01-04,0.015768439277361088,2.1335168759854244
2026-01-11,0.01660960732045475,2.2216998505126826
2026-01-18,0.017019511024741432,2.303019753454656
2026-01-25,0.017709053196012087,2.453713481379928
2026-02-01,0.018620684103182357,2.6351017250555397
2026-02-08,0.018850312320358033,2.721685974756
2026-02-15,0.01905442459794952,2.771526210119949
2026-02-22,0.01952871769543768,2.8659345151241453
2026-03-01,0.019791858012708833,2.9243331932132537
2026-03-08,0.0206150769445956,3.0776786796162474
2026-03-15,0.020864727494303622,3.1472368108359574
2026-03-22,0.021086315559945244,3.2162461572421046
2026-03-29,0.021806311810171786,3.4044568330386196
2026-04-05,0.023321947369477826,3.8372264594675096
2026-04-12,0.024530478383405163,4.098554129324523
2026-04-19,0.025652134331479535,4.3446312223255195
2026-04-26,0.026085999430103243,4.443690664884964
2026-05-03,0.02651494742938363,4.486349333523064
2026-05-10,0.02609992708985259,4.4191170098454435
2026-05-17,0.026310168005525096,4.488242124304988
2026-05-24,0.02526704513142344,4.2197935164532545
2026-05-31,0.025276662236727067,4.206531333208175
2026-06-07,0.024664172376480983,3.993612244431118
2026-06-14,0.024483460662953357,3.94614442838914
2026-06-21,0.02461456230873739,4.033570088978882
2026-06-28,0.025049002761911503,4.157199594599231
2026-07-05,0.025786540614448756,4.217562185297788
2026-07-12,0.024691748720799964,4.008188184519467
2026-07-19,0.025021715151608892,4.03545298981957
