,,future_1w_excess_return,future_1w_excess_return,future_1w_excess_return,future_1w_excess_return,future_2w_excess_return,future_2w_excess_return,future_2w_excess_return,future_2w_excess_return,future_4w_excess_return,future_4w_excess_return,future_4w_excess_return,future_4w_excess_return
,,mean,std,count,se,mean,std,count,se,mean,std,count,se
mom_bucket,att_bucket,,,,,,,,,,,,
loser,low_attention,0.0013899543378995433,0.04920079671827804,1533,0.0012566115813884816,0.002949445531637313,0.06942787470403743,1533,0.0017732207046125092,0.00012067840834964111,0.09515992535344461,1533,0.0024304294291799225
loser,mid_attention,-0.0001217147435897437,0.047741992879919745,1248,0.0013514290525556982,0.001276602564102564,0.06708755973387628,1248,0.001899042579086796,0.00441113782051282,0.10137802288763817,1248,0.002869700177066447
loser,high_attention,-0.001894,0.044220201745380876,1100,0.0013332892485749756,-0.0025308181818181823,0.063532200753177,1100,0.0019155679273074803,0.0029127272727272726,0.09603905532251603,1100,0.002895686470227003
neutral,low_attention,-0.003317865085248332,0.040429799945444544,1349,0.00110076754797912,-0.00540533728687917,0.056179789162692985,1349,0.0015295868108684387,-0.006432171979243884,0.08728173831068098,1349,0.0023763883371485505
neutral,mid_attention,0.002126038338658147,0.045245779211888194,1252,0.0012787213238365474,0.004118690095846645,0.06621903582473061,1252,0.0018714606009201185,0.007173083067092652,0.10068448189469899,1252,0.002845511696798414
neutral,high_attention,0.0025960745829244356,0.041789619793597625,1019,0.0013091256371151531,0.004034936211972522,0.06094490552217576,1019,0.0019091951222505387,0.008566339548577037,0.09414327800310263,1019,0.0029491864105162906
winner,low_attention,0.004347313854853911,0.05662680881233184,1061,0.0017384587723540427,0.0056411875589066915,0.08226533205785035,1061,0.002525568563302887,0.009057492931196983,0.12491959592538511,1061,0.003835066321592091
winner,mid_attention,0.004711493288590604,0.05446597172567278,1192,0.001577564513837799,0.01020738255033557,0.08167618753100547,1192,0.0023656872537489637,0.022170302013422818,0.13031113786677528,1192,0.0037743607677075816
winner,high_attention,0.006821540388227927,0.06365286978181195,1597,0.0015928157098981594,0.015306512210394491,0.09188459326169866,1597,0.0022992714098595984,0.026596430807764557,0.1427993561218214,1597,0.003573335476842413
