stock_id,stock_name,industry,week,attention_z,attention_shock,residual_attention_z,is_attention_event_z2,past_1w_return,past_4w_return,past_8w_return,past_12w_return,past_26w_return,future_1w_excess_return,future_2w_excess_return,future_4w_excess_return,volume_ratio_4w,volatility_12w,liquidity_rank,foreign_net_buy_value_1w,foreign_net_buy_value_4w,foreign_net_buy_ratio_1w,foreign_net_buy_ratio_4w,trust_net_buy_value_1w,trust_net_buy_value_4w,trust_net_buy_ratio_1w,trust_net_buy_ratio_4w,dealer_net_buy_value_1w,dealer_net_buy_value_4w,dealer_net_buy_ratio_1w,dealer_net_buy_ratio_4w,total_inst_net_buy_value_1w,total_inst_net_buy_value_4w,total_inst_net_buy_ratio_1w,total_inst_net_buy_ratio_4w
2317,鴻海,電子代工,2021-12-19,-0.4833,-0.0689,0.197698938621269,False,-0.0143,-0.0282,-0.0372,-0.0372,-0.0717,-0.0069,-0.034,-0.0436,1.5128,0.0115,11.0,-36183949.0,-130200044.0,-0.2596797924901193,-0.2504021645878947,2700106.0,815230.0,0.0193777347459042,0.0015678593521595,-785292.0,-898868.0,-0.0056357713638207,-0.0017287128787667,-34269135.0,-130283682.0,-0.2459378291080358,-0.2505630181145019
2317,鴻海,電子代工,2021-12-26,-1.4031,-0.2059,-0.4587469698059924,False,0.0048,0.0048,-0.028,0.0097,-0.0796,-0.0266,-0.0106,-0.011,0.4902,0.0115,12.0,-6791219.0,-91227040.0,-0.09810170014399,-0.191717836391222,-1329372.0,626858.0,-0.0192032760722068,0.0013173710282009,-403847.0,-1515719.0,-0.0058337210592163,-0.0031853534572322,-8524438.0,-92115901.0,-0.1231386972754131,-0.1935858188202533
2317,鴻海,電子代工,2022-01-02,-1.331,-0.2,-0.4316695744513378,False,0.0,-0.0095,-0.0459,-0.037,-0.0673,0.0163,-0.0091,0.0203,0.8487,0.011,12.0,-3148648.0,-72441934.0,-0.0471789010108816,-0.1798618654053618,-2409890.0,-1159772.0,-0.0361094545205159,-0.0028795304576615,468368.0,-790500.0,0.0070179605686836,-0.0019626864821546,-5090170.0,-74392206.0,-0.0762703949627139,-0.184704082345178
2317,鴻海,電子代工,2022-01-09,-1.2691,-0.1944,-0.170343763239011,False,0.024,0.0143,-0.0229,-0.0274,-0.0658,-0.0253,-0.0006,0.0042,1.4117,0.0116,12.0,-10992426.0,-61894896.0,-0.0403807568244168,-0.1112512771113567,-468816.0,-1095588.0,-0.0017221989842274,-0.0019692344937113,2345191.0,1419420.0,0.0086150761877142,0.0025512974083905,-9116051.0,-61571064.0,-0.03348787962093,-0.1106692141966775
2317,鴻海,電子代工,2022-01-16,-2.3764,-0.4059,-0.9792027374888,False,-0.0282,0.0,-0.0282,-0.0372,-0.1339,0.0241,0.0289,0.0333,1.3594,0.0113,10.0,-45009320.0,-72676908.0,-0.3242246979535861,-0.126466222505288,451190.0,-3730504.0,0.0032501477798304,-0.0064915082645077,-1328887.0,953825.0,-0.0095726393153561,0.0016597657770623,-45887017.0,-75453587.0,-0.3305471894891118,-0.1312979649927333
2317,鴻海,電子代工,2022-01-23,-2.4613,-0.472,-0.480053162952947,False,-0.0145,-0.0192,-0.0145,-0.0467,-0.0769,0.0049,0.0049,0.0162,1.15,0.0112,9.0,-29042485.0,-88192879.0,-0.2439426696086569,-0.1477678971957325,-596535.0,-3024051.0,-0.0050106022406484,-0.0050668224277229,-362548.0,1122124.0,-0.0030452258813692,0.0018801280302105,-30001568.0,-90094806.0,-0.2519984977306747,-0.1509545915932448
2317,鴻海,電子代工,2022-01-30,-3.5883,-0.9223,-0.0234232910920115,False,0.0,-0.0192,-0.0286,-0.0642,-0.0727,0.0,0.0043,0.0147,1.0051,0.0112,9.0,-49749953.0,-118625505.0,-0.2951509646699512,-0.1782946213783552,1400000.0,29178.0,0.0083057636363582,4.385465387546844e-05,-764293.0,-183488.0,-0.0045343121478022,-0.0002757832178457,-49114246.0,-118779815.0,-0.2913795131813952,-0.1785265499423255
2317,鴻海,電子代工,2022-02-06,-0.2602,-0.066,-0.2074127091011984,False,0.0,-0.0423,-0.0286,-0.0642,-0.0933,0.0043,0.0112,0.0355,1.0051,0.0112,9.0,-49749953.0,-118625505.0,-0.2951509646699512,-0.1782946213783552,1400000.0,29178.0,0.0083057636363582,4.385465387546844e-05,-764293.0,-183488.0,-0.0045343121478022,-0.0002757832178457,-49114246.0,-118779815.0,-0.2913795131813952,-0.1785265499423255
2317,鴻海,電子代工,2022-02-13,0.0458,0.0114,0.0416910151591237,False,0.0392,0.0242,0.0242,-0.0047,-0.0275,0.0068,0.0103,0.0264,0.5665,0.0115,9.0,9926487.0,-95071728.0,0.0716232735415127,-0.1611836709460936,7349000.0,9302984.0,0.0530257519358638,0.0157721874148829,714635.0,-5690216.0,0.0051563557265867,-0.0096471361428941,17990122.0,-91458960.0,0.1298053812039633,-0.1550586196741047
2317,鴻海,電子代工,2022-02-20,-0.2616,-0.0646,-0.0257845217328809,False,-0.0047,0.0343,0.0144,0.0193,0.0096,0.0036,0.0242,0.0221,0.4482,0.0116,11.0,-363074.0,-65238179.0,-0.0041979647096429,-0.1285203570767905,1230000.0,10401776.0,0.0142216093492258,0.0204916811941177,-445776.0,-1949766.0,-0.005154188722976,-0.0038410732239504,421150.0,-56786169.0,0.0048694559166068,-0.1118697491066231
2317,鴻海,電子代工,2022-02-27,-1.4564,-0.3698,-0.8029241040488122,False,-0.0237,0.0098,-0.0096,-0.019,-0.0463,0.0211,0.0164,0.0355,1.117,0.0121,11.0,-35813143.0,-75999683.0,-0.2523196771369391,-0.1419031334474844,2708217.0,12687217.0,0.0190806051023438,0.0236889915320856,208878.0,-286556.0,0.0014716393230554,-0.0005350442620685,-32896048.0,-63599022.0,-0.2317674327115398,-0.1187491861774673
2317,鴻海,電子代工,2022-03-06,-0.5168,-0.1303,-0.6750683714442895,False,0.0194,0.0294,-0.0141,0.0,-0.0667,-0.0049,-0.0027,0.0044,0.7747,0.0121,12.0,-5858479.0,-39561335.0,-0.0546777707535829,-0.0828186460408415,1870000.0,13023217.0,0.0174528971272578,0.0272631143270587,1378025.0,1597762.0,0.0128612452212777,0.0033447932314596,-2610454.0,-24940356.0,-0.0243636284050473,-0.0522107384823231
2317,鴻海,電子代工,2022-03-13,0.1087,0.027,-0.4147196660730674,False,-0.0143,-0.0236,0.0,0.0,-0.0417,0.0023,0.0193,0.0076,0.9452,0.0123,12.0,-47249142.0,-82482833.0,-0.2483963555508115,-0.1609162554199046,4987000.0,11123217.0,0.0262174628511116,0.0217003510034994,687316.0,1026902.0,0.0036133309999949,0.0020033892934207,-41574826.0,-70332714.0,-0.2185655616997049,-0.1372125151229845
2317,鴻海,電子代工,2022-03-20,0.1073,0.0263,-0.3603355232585121,False,0.0242,0.0047,0.0392,0.0192,-0.023,0.0167,0.0069,0.0185,2.5715,0.013,10.0,5048912.0,-77321859.0,0.0228796774178433,-0.1205452768484821,288257.0,9005474.0,0.001306267008305,0.0140395920444929,-172400.0,1986827.0,-0.0007812487892116,0.0030974761065307,5164769.0,-66329558.0,0.0234046956369366,-0.1034082086974584
2317,鴻海,電子代工,2022-03-27,-0.528,-0.1287,-0.4904136691126348,False,0.0,0.0291,0.0392,0.0192,-0.014,-0.0096,-0.0108,-0.0006,0.6499,0.0131,10.0,-1778918.0,-49837627.0,-0.0132402577466334,-0.0763922247252954,564000.0,7709257.0,0.0041977794193443,0.0118169208419385,1665637.0,3558578.0,0.012397121841664,0.0054546676204806,450719.0,-38569792.0,0.0033546435143749,-0.0591206362628762
2317,鴻海,電子代工,2022-04-03,-1.7349,-0.4395,-0.6208326233344788,False,-0.0142,-0.0048,0.0245,-0.0188,0.0146,-0.0015,0.0118,0.0346,0.7277,0.0131,10.0,-11139235.0,-55118383.0,-0.1065692495603238,-0.0848273180171722,1065000.0,6904257.0,0.0101888730044518,0.0106256673787271,696857.0,2877410.0,0.0066668426997777,0.0044283405980141,-9377378.0,-45336716.0,-0.0897135338560942,-0.0697733100404309
2317,鴻海,電子代工,2022-04-10,-0.7715,-0.1954,-0.4843241343992301,False,-0.0144,-0.0048,-0.0283,-0.0048,-0.0463,0.0137,0.0104,0.0782,0.8305,0.0132,10.0,-39597801.0,-33530973.0,-0.2837929142993338,-0.0551887632842106,3393000.0,5062257.0,0.0243172432281691,0.0083319891509512,-719392.0,1949656.0,-0.0051558002476861,0.0032089466497032,-36924193.0,-26519060.0,-0.2646314713188508,-0.0436478274835561
2317,鴻海,電子代工,2022-04-17,-1.0618,-0.2712,-0.3507866780463244,False,0.0,-0.0283,-0.0237,0.0098,-0.0594,-0.0031,0.0237,0.0786,0.4341,0.0113,9.0,-12614060.0,-26444178.0,-0.1506192188850909,-0.0486853911659453,2560000.0,4674257.0,0.0305678901436835,0.008605600463556,-212715.0,908697.0,-0.0025399409187162,0.0016729682010278,-10266775.0,-20861224.0,-0.1225912696601236,-0.0384068225013614
2317,鴻海,電子代工,2022-04-24,-0.7317,-0.1867,-0.4534011948149141,False,0.0049,-0.0236,0.0049,0.0147,-0.0372,0.0272,0.0692,0.1026,0.7605,0.0108,11.0,-9554262.0,-65144115.0,-0.1138025470846317,-0.1485560724833863,3056000.0,9522000.0,0.0364005701215472,0.0217141782060713,-114681.0,601387.0,-0.0013659861852451,0.0013714161403922,-6612943.0,-55020728.0,-0.0787679631483296,-0.1254704781369227
2317,鴻海,電子代工,2022-05-01,-1.3263,-0.3443,-0.2404559521495937,False,-0.0145,-0.0239,-0.0286,0.0,-0.0467,0.0419,0.0557,0.0713,0.7203,0.0116,10.0,-26704613.0,-88470736.0,-0.1920025649412342,-0.1982235326560089,2793000.0,11802000.0,0.0200812932163018,0.0264430278098536,-1357535.0,-2404323.0,-0.009760493514641,-0.0053870174506753,-25269148.0,-79073059.0,-0.1816817652395733,-0.1771675222968307
2330,台積電,半導體,2021-12-19,-0.7667,-0.0985,0.0728677404178953,False,0.0033,-0.0178,0.0117,0.0151,0.0066,-0.0081,0.0211,0.0937,1.1761,0.0114,2.0,-6184410.0,-14467006.0,-0.053367840177643,-0.0280595314278588,3096254.0,3630012.0,0.0267188605899977,0.0070406023055153,703310.0,-102485.0,0.0060691538360713,-0.0001987751355314,-2384846.0,-10939479.0,-0.0205798257515739,-0.0212177042578749
2330,台積電,半導體,2021-12-26,-1.5068,-0.2005,-0.3547309826248748,False,-0.0049,0.0134,0.0237,0.0523,0.022,0.029,0.0505,0.0809,0.4938,0.0109,2.0,5813645.0,7591882.0,0.0734989127021449,0.0156105736623581,-158332.0,3839680.0,-0.0020017097442234,0.0078952238035158,690114.0,1619148.0,0.0087247550616743,0.0033293232329295,6345427.0,13050710.0,0.0802219580195958,0.0268351206988034
2330,台積電,半導體,2022-01-02,0.3963,0.0518,1.4964969981915277,False,0.0182,0.0115,0.025,0.0696,0.0459,0.0207,0.0685,0.0266,0.9957,0.0109,2.0,34849762.0,18333514.0,0.316633847215557,0.0444747828477053,98545.0,3018004.0,0.0008953485098078,0.0073212954446979,3192218.0,4322710.0,0.0290034768814418,0.0104863469471048,38140525.0,25674228.0,0.3465326726068066,0.0622824252395081
2330,台積電,半導體,2022-01-09,0.1169,0.015,1.1843028257845825,False,0.0309,0.0479,0.0497,0.0567,0.0856,0.0465,0.0293,0.0061,1.2474,0.0125,1.0,45568493.0,74726222.0,0.1362315307306717,0.1169606818911146,6976161.0,10083239.0,0.0208559254231561,0.0157821776285047,5405489.0,9780397.0,0.0161602456508229,0.0153081725754289,57950143.0,94589858.0,0.1732477018046509,0.1480510320950483
2330,台積電,半導體,2022-01-16,0.3917,0.0495,1.2354935014587347,False,0.0599,0.1071,0.0874,0.12,0.1409,-0.015,-0.0365,-0.0389,2.481,0.011,1.0,76486682.0,162893447.0,0.3008375237103704,0.2045857000291972,2616285.0,9685270.0,0.0102903757901354,0.0121641955487735,-3680409.0,4853470.0,-0.0144757897826102,0.006095705971037,75422558.0,177432187.0,0.2966521097178956,0.2228456015490079
2330,台積電,半導體,2022-01-23,-1.5244,-0.1986,0.3023193032237179,False,-0.0461,0.0613,0.0755,0.0864,0.0957,-0.0226,-0.0226,-0.0451,1.1261,0.0121,1.0,-15213092.0,141691845.0,-0.0585827111446501,0.147828533382629,-1677746.0,8013245.0,-0.0064606793472419,0.0083602994652634,-729430.0,4187868.0,-0.0028088955874481,0.0043692449938812,-17620268.0,153892958.0,-0.0678522860793402,0.1605580778417736
2330,台積電,半導體,2022-01-30,-4.0175,-0.776,-0.0148109397919125,False,-0.0078,0.0341,0.0461,0.06,0.0966,0.0,-0.0023,-0.0487,0.6424,0.0125,1.0,-44072281.0,88867078.0,-0.1846745342019775,0.0862588934574193,343000.0,10171697.0,0.0014372608767691,0.0098731650409857,-526134.0,734387.0,-0.0022046408575454,0.000712833272064,-44255415.0,99773162.0,-0.1854419141827537,0.0968448917704691
2330,台積電,半導體,2022-02-06,-0.1487,-0.0283,0.056525814346634,False,0.0,0.0032,0.0512,0.053,0.0761,-0.0023,-0.0227,-0.0526,0.6424,0.0125,1.0,-44072281.0,88867078.0,-0.1846745342019775,0.0862588934574193,343000.0,10171697.0,0.0014372608767691,0.0098731650409857,-526134.0,734387.0,-0.0022046408575454,0.000712833272064,-44255415.0,99773162.0,-0.1854419141827537,0.0968448917704691
2330,台積電,半導體,2022-02-13,0.8125,0.1532,0.7530380952389821,False,0.022,-0.0327,0.0708,0.0518,0.1188,-0.0203,-0.0463,-0.0612,0.5907,0.0126,1.0,873655.0,17730502.0,0.0042075411227058,0.018573825969785,1447850.0,5794026.0,0.0069728764953096,0.0060696099066123,712531.0,-2882613.0,0.003431564500521,-0.0030197200395251,3034036.0,20641915.0,0.0146119821185365,0.0216237158368723
2330,台積電,半導體,2022-02-20,1.1656,0.2196,1.04892827037255,False,-0.02,-0.0062,0.0546,0.0688,0.154,-0.0266,-0.0314,-0.0365,0.5019,0.0132,1.0,-14624036.0,1611590.0,-0.1093919800167435,0.0018425821218857,1609000.0,5116983.0,0.0120357810830703,0.0058504094675402,459176.0,-4547105.0,0.0034347680637662,-0.0051988498187114,-12555860.0,2181468.0,-0.0939214308699069,0.0024941417707145
2330,台積電,半導體,2022-02-27,-0.2044,-0.038,0.299252960046045,False,-0.0518,-0.0503,-0.0179,-0.0066,0.0083,-0.0062,-0.0175,-0.012,2.2059,0.0139,1.0,-136424981.0,-194247643.0,-0.4984728550736549,-0.2275470445136596,4009774.0,7409624.0,0.0146510080436083,0.0086798378405934,1221056.0,1866629.0,0.0044615235865403,0.0021866206744834,-131194151.0,-184971390.0,-0.4793603234435062,-0.2166805859985827
2330,台積電,半導體,2022-03-06,2.7699,0.5659,2.2019258499597285,True,-0.0149,-0.0645,-0.0615,-0.0165,-0.0403,-0.0119,-0.0049,-0.0165,1.5115,0.0138,1.0,-155502578.0,-266769006.0,-0.502875044191231,-0.3090553300017862,2913924.0,9323624.0,0.0094232499493988,0.0108015385120585,2424754.0,3801507.0,0.0078413380060031,0.0044040948309756,-150163900.0,-253643875.0,-0.485610456235829,-0.2938496966587521
2330,台積電,半導體,2022-03-13,2.2143,0.474,1.564939650258519,True,-0.0336,-0.1154,-0.1443,-0.0527,-0.0756,0.0073,0.0061,-0.012,0.872,0.015,2.0,-168038396.0,-422786755.0,-0.5014201285179748,-0.4288936172431161,6143000.0,13156374.0,0.0183304763840159,0.013346408722438,1750841.0,4793195.0,0.0052244423901459,0.0048624293864211,-160144555.0,-404837186.0,-0.4778652097438128,-0.410684779134257
2330,台積電,半導體,2022-03-20,0.5261,0.1112,1.1167437361993966,False,0.0104,-0.0879,-0.0936,-0.0381,-0.0317,-0.0011,-0.0115,-0.005,0.8738,0.0162,2.0,-78535588.0,-497061784.0,-0.2716831656753848,-0.4379779335761733,2173038.0,13914812.0,0.0075173288697209,0.0122608110340281,1658544.0,6617184.0,0.0057375069800447,0.005830624416729,-74704006.0,-476529788.0,-0.2584283298256192,-0.419886498125416
2330,台積電,半導體,2022-03-27,0.5178,0.1081,0.7979241586776716,False,0.0293,-0.0099,-0.0597,-0.0276,0.0,-0.0104,-0.0176,-0.012,0.5081,0.0162,2.0,16442266.0,-385634296.0,0.1355943997565508,-0.3656399416226965,683650.0,11913612.0,0.0056378549886959,0.0112959154343353,329882.0,6164021.0,0.0027204371818635,0.005844429040619,17455798.0,-367556663.0,0.1439526919271103,-0.3484995971477421
2330,台積電,半導體,2022-04-03,-1.475,-0.3155,-0.1789486222072989,False,-0.0151,-0.0101,-0.0739,-0.071,0.0261,-0.0075,0.0062,-0.0229,0.7031,0.0167,2.0,3706742.0,-226424976.0,0.0258613864370296,-0.2547572290433159,2481000.0,11480688.0,0.0173095672022143,0.0129172510650541,1300815.0,5040082.0,0.0090755923660413,0.005670740689274,7488557.0,-209904206.0,0.0522465460052853,-0.2361692372889878
2330,台積電,半導體,2022-04-10,0.7022,0.1487,0.741424312806582,False,-0.0374,-0.0139,-0.1277,-0.1562,-0.0139,0.0141,0.0054,-0.0095,0.821,0.017,2.0,-59870130.0,-146866408.0,-0.3407059544072117,-0.1919616378307669,2998000.0,8366688.0,0.0170608691063944,0.010935673811121,487416.0,6443744.0,0.0027737627005878,0.0084222911749988,-56384714.0,-132055976.0,-0.3208713226002294,-0.172603672844647
2330,台積電,半導體,2022-04-17,0.3585,0.075,0.6789439817262733,False,-0.0088,-0.0327,-0.1177,-0.1232,-0.0633,-0.0085,-0.0298,-0.014,0.9955,0.0163,1.0,-43118304.0,-57807925.0,-0.2584027464450126,-0.0867717003176752,2406000.0,6645688.0,0.01441886508214,0.0099754081735466,-1625239.0,1535503.0,-0.00973985946269,0.0023048432572677,-42337543.0,-49626734.0,-0.2537237408255626,-0.0744914488868608
2330,台積電,半導體,2022-04-24,1.1812,0.247,1.4139093257022863,False,-0.0071,-0.0669,-0.0762,-0.1226,-0.07,-0.0219,-0.0149,-0.0068,1.1899,0.0159,1.0,-16639500.0,-97511500.0,-0.1378154917301387,-0.1631052593191886,-879000.0,6323000.0,-0.0072802558508844,0.0105763377106826,1087283.0,1626576.0,0.0090053451903494,0.0027207365314077,-16431217.0,-89561924.0,-0.1360904023906737,-0.1498081850770982
2330,台積電,半導體,2022-05-01,-0.682,-0.1422,0.5242660511217568,False,-0.0358,-0.0866,-0.0958,-0.1541,-0.0881,0.0066,0.0155,0.0234,1.1299,0.0161,1.0,-72239716.0,-191867650.0,-0.2960428605850539,-0.2712509261409191,2094000.0,6619000.0,0.0085813425687485,0.0093575434948348,-865335.0,-915875.0,-0.0035461967868806,-0.0012948089059271,-71011051.0,-186164525.0,-0.291007714803186,-0.2631881915520114
2454,聯發科,半導體(IC設計),2021-12-19,-0.6537,-0.1333,-0.4155988422525234,False,0.0,-0.0138,0.1609,0.1685,0.114,0.0638,0.056,0.0084,1.1207,0.0224,9.0,2115440.0,6628356.0,0.1049728521736869,0.0665937403236796,308665.0,1121567.0,0.0153166459063793,0.0112681548114809,-65177.0,-732848.0,-0.0032342281445582,-0.0073627743302755,2358928.0,7017075.0,0.1170552699355079,0.0704991208048849
2454,聯發科,半導體(IC設計),2021-12-26,-0.6368,-0.129,-0.1057425926919797,False,0.0419,0.1144,0.2267,0.2655,0.2082,-0.0079,-0.0542,-0.0447,1.1595,0.0215,9.0,2069650.0,9401729.0,0.1191305476016231,0.1006351188132865,-180055.0,757512.0,-0.0103640957400576,0.0081083288108485,272448.0,-158148.0,0.0156823034971937,-0.0016927995659185,2162043.0,10001093.0,0.1244487553587592,0.1070506480582166
2454,聯發科,半導體(IC設計),2022-01-02,-0.6211,-0.125,0.1605611263741118,False,0.0625,0.1226,0.266,0.3077,0.2435,-0.0461,-0.0444,-0.0232,0.857,0.0211,8.0,2287556.0,5798659.0,0.0814804683186761,0.0643905445225281,694273.0,1487421.0,0.024729313372443,0.0165168960830846,774158.0,615711.0,0.0275747375769815,0.0068370922584877,3755987.0,7901791.0,0.1337845192681007,0.0877445328641005
2454,聯發科,半導體(IC設計),2022-01-09,-1.8954,-0.4082,-1.062408156663281,False,-0.0756,0.0233,0.119,0.2835,0.197,0.0026,0.0092,0.0232,1.7043,0.021,7.0,2564230.0,7284655.0,0.0664165666600765,0.0714300492650446,-45298.0,795920.0,-0.0011732713666746,0.0078044334029592,151231.0,797824.0,0.0039170604012003,0.0078231031702716,2670163.0,8878399.0,0.0691603556946022,0.0870575858382755
2454,聯發科,半導體(IC設計),2022-01-16,-0.5104,-0.1089,0.692419328410963,False,-0.0318,-0.0093,-0.0229,0.1501,0.1129,0.0065,0.0203,0.0195,1.0423,0.0211,4.0,-3071079.0,2257371.0,-0.1172599405025156,0.0204457867348433,215820.0,648075.0,0.0082404393893002,0.0058698385148846,-209235.0,674244.0,-0.0079890109147449,0.0061068601622186,-3064494.0,3579690.0,-0.1170085120279602,0.0324224854119466
2454,聯發科,半導體(IC設計),2022-01-23,-1.7687,-0.3981,-0.0719805469789782,False,0.0047,-0.0446,0.0647,0.172,0.1468,0.0141,0.0141,0.0238,1.0084,0.0221,3.0,13909.0,1794616.0,0.000519197581612,0.0149972561266161,188945.0,1053740.0,0.007052971964749,0.0088058997974277,-141981.0,574173.0,-0.0052998915691181,0.004798251849971,60873.0,3422529.0,0.0022722779772429,0.0286014077740148
2454,聯發科,半導體(IC設計),2022-01-30,-3.4194,-1.0,0.0510533779181696,False,0.0047,-0.0966,0.0142,0.1436,0.1813,0.0,-0.0009,0.0001,0.9042,0.0219,4.0,-3902666.0,-2609585.0,-0.148353428713403,-0.0225998388868871,729765.0,1447781.0,0.0277408161254477,0.012538245484817,270490.0,41413.0,0.0102822324361573,0.0003586497959724,-2902411.0,-1120391.0,-0.1103303801517979,-0.0097029436060976
2454,聯發科,半導體(IC設計),2022-02-06,-1.2434,-0.3714,-0.8250743456698211,False,0.0,-0.0227,0.0,0.0936,0.1485,-0.0009,0.0093,-0.0761,0.9042,0.0219,4.0,-3902666.0,-2609585.0,-0.148353428713403,-0.0225998388868871,729765.0,1447781.0,0.0277408161254477,0.012538245484817,270490.0,41413.0,0.0102822324361573,0.0003586497959724,-2902411.0,-1120391.0,-0.1103303801517979,-0.0097029436060976
2454,聯發科,半導體(IC設計),2022-02-13,-1.1978,-0.3645,-1.23304404307837,False,0.0698,0.0798,0.0698,0.055,0.2637,0.0102,0.001,-0.1049,0.7492,0.022,3.0,11146484.0,4236653.0,0.2225411454142213,0.0313756329230471,1523597.0,2566736.0,0.0304188317616273,0.0190086293464133,-267259.0,-222893.0,-0.0053358641148418,-0.0016506919375074,12402822.0,6580496.0,0.2476241130610068,0.048733570331953
2454,聯發科,半導體(IC設計),2022-02-20,-1.1569,-0.3578,-1.3214054562640103,False,-0.0261,0.0467,0.0,0.1144,0.2829,-0.0088,-0.0826,-0.0982,0.4611,0.0218,5.0,286819.0,8016471.0,0.0160433212576369,0.0665481041056024,176326.0,2747669.0,0.0098628565892569,0.0228095583031157,-67659.0,-477541.0,-0.0037845298706517,-0.0039642690883174,395486.0,10286599.0,0.0221216479762422,0.0853933933204007
2454,聯發科,半導體(IC設計),2022-02-27,-1.1199,-0.3514,-0.6920610633505182,False,-0.0312,0.0093,-0.0882,0.0236,0.2109,-0.0762,-0.1063,-0.1025,1.2155,0.022,9.0,-3995694.0,3534943.0,-0.1459905907777521,0.0290604202761907,676671.0,3106359.0,0.0247235146265385,0.0255370731773405,-162591.0,-227019.0,-0.0059405840750431,-0.0018663009702505,-3481614.0,6414283.0,-0.1272076602262567,0.0527311924832806
2454,聯發科,半導體(IC設計),2022-03-06,-0.085,-0.0263,-0.3604678905189589,False,-0.0553,-0.0465,-0.0682,-0.0465,0.1153,-0.0337,-0.016,-0.1126,1.1008,0.0226,8.0,-4320545.0,2438128.0,-0.1592262594664102,0.0202675362196896,-793844.0,1546962.0,-0.0292557560955511,0.0128595005534916,74520.0,-17344.0,0.0027463065088864,-0.0001441762484144,-5039869.0,3967746.0,-0.1857357090530748,0.0329828605247667
2454,聯發科,半導體(IC設計),2022-03-13,-0.0839,-0.0256,-0.641678706840118,False,-0.0605,-0.1626,-0.0958,-0.1042,0.0411,0.0188,0.0063,-0.102,1.1896,0.0226,8.0,-8168724.0,-15020916.0,-0.2178801901727033,-0.13967817043393,668709.0,532960.0,0.0178361325575693,0.0049559479404896,-111967.0,-277429.0,-0.0029864384269889,-0.0025797877536439,-7611982.0,-14765385.0,-0.2030304960421229,-0.1373020102470844
2454,聯發科,半導體(IC設計),2022-03-20,-1.1131,-0.3445,-0.334418206933067,False,0.0062,-0.1348,-0.0944,-0.1348,0.0309,-0.012,-0.096,-0.1106,1.0883,0.0246,8.0,-6288859.0,-21728506.0,-0.1402691394439217,-0.1643425472106803,-518500.0,-125702.0,-0.0115648242076461,-0.0009507412460606,-78407.0,-178247.0,-0.0017488200031801,-0.0013481629161554,-6885766.0,-22032455.0,-0.1535827836547481,-0.1666414513728965
2454,聯發科,半導體(IC設計),2022-03-27,-0.0536,-0.0164,0.7755709930904431,False,0.0021,-0.1051,-0.0967,-0.184,0.0554,-0.0852,-0.1059,-0.0804,0.7603,0.0241,6.0,-466897.0,-19245025.0,-0.0203953027337176,-0.1454067338016504,-500000.0,-1143635.0,-0.0218413298154813,-0.0086407905425558,24146.0,-91708.0,0.0010547614994492,-0.000692904308697,-942751.0,-20480368.0,-0.0411818710497497,-0.1547404286529033
2454,聯發科,半導體(IC設計),2022-04-03,-1.0955,-0.3387,0.3113234160542912,False,-0.0731,-0.122,-0.1628,-0.1818,0.0169,-0.0251,-0.02,-0.0119,1.5278,0.0242,4.0,-17993247.0,-32917727.0,-0.3640944652006715,-0.2128701391236043,-592570.0,-942361.0,-0.0119906905765236,-0.0060939966229946,212660.0,46432.0,0.0043031882444327,0.0003002633292325,-18373157.0,-33813656.0,-0.3717819675327624,-0.2186638724173664
2454,聯發科,半導體(IC設計),2022-04-10,-0.0258,-0.0079,-0.0469217639874449,False,-0.0667,-0.1277,-0.2696,-0.2113,-0.0769,0.0052,0.0263,0.0311,1.6162,0.0242,4.0,-21725786.0,-41379352.0,-0.317210539319587,-0.2332785548599051,1203000.0,-1022070.0,0.017564578736137,-0.0057619803366099,27169.0,257032.0,0.0003966849872669,0.0014490331678647,-20495617.0,-42144390.0,-0.2992492755961831,-0.2375915020286503
2454,聯發科,半導體(IC設計),2022-04-17,-1.0801,-0.3333,-0.3884276790609899,False,-0.0095,-0.1414,-0.2571,-0.2224,-0.0292,0.0213,0.0081,0.0494,0.868,0.0245,3.0,-10632507.0,-42227987.0,-0.2699992701835019,-0.2390366254964803,531000.0,141430.0,0.0134840835249334,0.000800581612947,-256596.0,140113.0,-0.0065159357743198,0.0007931265752305,-10358103.0,-41946444.0,-0.2630311224328882,-0.2374429173083027
2454,聯發科,半導體(IC設計),2022-04-24,0.0,0.0,0.2006474256667616,False,0.0264,-0.1205,-0.2129,-0.2056,-0.0778,-0.013,0.0057,0.0351,0.7035,0.0245,3.0,-5192009.0,-48305392.0,-0.1905470757809031,-0.2781117708347667,2153000.0,2634430.0,0.0790152432625375,0.0151673749472985,48270.0,35310.0,0.0017715122119287,0.0002032925564122,-2990739.0,-45635652.0,-0.1097603203064367,-0.2627411033310559
2454,聯發科,半導體(IC設計),2022-05-01,-1.0666,-0.3284,0.0289991684593509,False,-0.0281,-0.0778,-0.1902,-0.2279,-0.0909,0.0187,0.0423,0.064,0.7611,0.0242,4.0,-11134868.0,-48685170.0,-0.2608628343763519,-0.2738159344119624,907599.0,4794599.0,0.0212628337953483,0.0269658626089969,-311141.0,-492298.0,-0.0072892757373228,-0.002768790514219,-10538410.0,-44382869.0,-0.2468892763183264,-0.2496188623171845
